,2019-01,2019-02,2019-03,2019-04,2019-05,2019-06,2019-07,2019-08,2019-09,2019-10,2019-11,2019-12,2020-01,2020-02,2020-03,2020-04,2020-05,2020-06,2020-07,2020-08,2020-09,2020-10,2020-11,2020-12,2021-01,2021-02,2021-03,2021-04,2021-05,2021-06,2021-07,2021-08,2021-09,2021-10,2021-11,2021-12,2022-01,2022-02,2022-03,2022-04,2022-05,2022-06,2022-07,2022-08,2022-09,2022-10,2022-11,2022-12,2023-01,2023-02,2023-03,2023-04,2023-05,2023-06,2023-07,2023-08,2023-09,2023-10,2023-11,2023-12,2024-01,2024-02
AAPL,6.839044535528421e-05,6.113587632193147e-05,7.374783262536848e-05,7.834240336380074e-05,6.589115332816318e-05,7.925525175591241e-05,8.215139690766752e-05,8.20654643579503e-05,8.161717398527333e-05,6.23648310262188e-05,6.49320474727124e-05,7.264348864327174e-05,5.732186924561877e-05,5.3795308496866205e-05,6.388223331368098e-05,7.612564756684615e-05,0.00010014735392976771,8.153717482886264e-05,8.995161714276501e-05,0.00010620461692788927,0.00011045093432006218,0.00015682754645058095,0.00014318549321149838,0.0001526457220717918,0.00016131350014643903,0.00015913041114110115,0.00013372062925457435,0.00014539189970759389,0.0001397316989611662,0.00011768767963221079,0.00012069097101831435,0.00014225682545405426,9.978798660024467e-05,9.577366844942208e-05,7.286531679982214e-05,6.254103106658408e-05,5.790664218543307e-05,6.695829476106437e-05,7.832280081002863e-05,8.49256486017394e-05,6.905898536438053e-05,6.826457244219804e-05,6.799352554810505e-05,7.661722920630509e-05,7.827435795586366e-05,7.318571222749513e-05,9.225131484122484e-05,6.319778844487665e-05,7.044300748752512e-05,8.37585360270608e-05,7.58288813901932e-05,8.392876423376733e-05,7.54762309933823e-05,8.020244898602971e-05,7.420088051851842e-05,6.0157375161899465e-05,7.235891076516126e-05,7.032272477900993e-05,5.083545129125624e-05,4.7280951791039105e-05,3.602171307216351e-05,2.879335187820631e-05
ABBV,0.0001005033523921961,9.629544021634917e-05,8.857947235380656e-05,8.938486440670837e-05,8.388466421542023e-05,7.141261625789794e-05,7.634000340769858e-05,6.822947510529864e-05,7.071420411462268e-05,9.447721334648503e-05,7.16128170842689e-05,5.640230618162421e-05,4.569437771997001e-05,4.8225975507037704e-05,5.717455179601416e-05,7.980318156808886e-05,8.205172350818e-05,9.148980589622133e-05,9.220759168692944e-05,8.523147701193627e-05,8.338573192851126e-05,7.317338333954046e-05,6.988601543332479e-05,0.0001051435590296124,8.763877085378687e-05,8.798515284690232e-05,0.0001089253562187103,5.870297883824058e-05,5.545449686372097e-05,5.956766146876122e-05,4.8015232269714415e-05,4.701984338865908e-05,5.316824998159257e-05,4.6140809787844076e-05,4.873199342500065e-05,4.147876162017078e-05,4.178402638047299e-05,4.171320216835878e-05,4.550936523111739e-05,4.537148080515967e-05,5.42426661186389e-05,5.5540540316529345e-05,5.06752941551692e-05,4.883205234590281e-05,4.51130866203016e-05,4.7054146922512426e-05,5.2644654609439394e-05,5.690736668853241e-05,4.64518526993244e-05,4.8158949382646285e-05,5.6883292022667574e-05,5.2039311056113654e-05,4.628831086007547e-05,4.6806444576213576e-05,4.617122494892401e-05,4.6618439957678626e-05,4.7480059729453486e-05,3.503821591844701e-05,3.527243067775336e-05,4.431868460826378e-05,4.944998121930446e-05,4.122561989720673e-05
ABT,4.030216292608604e-05,4.5020902854431746e-05,3.9765306481112315e-05,3.52632647788164e-05,3.932812768301895e-05,3.853454577628426e-05,4.083666821483593e-05,3.9483843761570705e-05,5.0261592167844605e-05,5.176325831908829e-05,4.817514924828693e-05,4.683320438236597e-05,3.0097228892556354e-05,3.0453797539111956e-05,4.464941938480694e-05,5.2030648269468124e-05,8.651585513975814e-05,9.29702377128323e-05,9.835804856566822e-05,9.44123689820837e-05,9.355751561821587e-05,0.00010454797214536073,0.00010956922568144518,0.00011350845851788356,0.00012118423298584035,0.00011417608430395428,9.64728218999744e-05,8.26506605831595e-05,5.864296845465813e-05,5.5811937677310355e-05,6.619146227476835e-05,5.2554288318763326e-05,5.760752468665286e-05,6.30730395284387e-05,6.163653933537025e-05,4.075765277998452e-05,5.065117578089535e-05,5.7950970811215454e-05,6.084686988295911e-05,5.931362616975669e-05,6.486629698889657e-05,6.1392674165715e-05,7.196716989209942e-05,6.257756329665958e-05,6.722410171157089e-05,6.45167116257512e-05,5.9528349125149915e-05,6.834796013323655e-05,5.548723040660828e-05,4.906930379840363e-05,5.6209788460446574e-05,5.325967898332948e-05,5.893976196082323e-05,6.340339489886884e-05,5.4500051213608505e-05,5.4087026757139695e-05,5.452168089058104e-05,4.5200943815094066e-05,4.0916497075732794e-05,3.953965901708148e-05,4.709382315185646e-05,4.2194537043083564e-05
ACN,3.0784649252027156e-05,3.900424599768188e-05,3.304261142075235e-05,3.634381417176252e-05,4.2126520062377226e-05,3.738809909744319e-05,3.8674957117001326e-05,3.829900653049531e-05,3.898450221266746e-05,4.179767949046581e-05,4.088836739655956e-05,3.520230374994469e-05,2.2753263280247285e-05,1.6297079875237412e-05,3.166080556735451e-05,3.562774914621083e-05,7.281027842340732e-05,6.822050750298314e-05,8.279712355413794e-05,6.473205491597485e-05,5.9100989912488975e-05,7.005440418423517e-05,5.879063687870161e-05,7.185975792127032e-05,7.20702593390585e-05,7.29603700141254e-05,6.328091884505277e-05,5.0641637491717e-05,4.5433487054322746e-05,4.1721648404178774e-05,4.011458325316544e-05,3.549064464983612e-05,3.643764886679355e-05,3.682913941112185e-05,3.387085705387918e-05,2.5499774095877646e-05,4.8457187841936565e-05,5.6489996730851007e-05,5.176477738500337e-05,6.77862889627684e-05,7.453064405010839e-05,7.227472163091704e-05,7.537489496713451e-05,7.991561406829815e-05,6.832420854333002e-05,7.692249956226915e-05,9.100738559659557e-05,7.26880940812381e-05,7.288138658158136e-05,6.194052859025015e-05,5.221003191286898e-05,5.9348625284842955e-05,6.690602386115056e-05,6.333688105957608e-05,6.432965168436713e-05,6.92957002619239e-05,5.680995109731915e-05,5.4225777432727695e-05,5.0472195918236625e-05,4.6695960539113125e-05,4.460267000823833e-05,4.277958121064753e-05
ADBE,8.752766878091532e-05,8.154320945067878e-05,7.978793666464465e-05,7.618897894396561e-05,7.870014683599606e-05,7.885065171906875e-05,8.648666693612453e-05,7.709110410322268e-05,8.240920551009847e-05,7.13675986317457e-05,6.260271915725688e-05,6.030912575177597e-05,5.8062659923839974e-05,4.15892148434939e-05,4.853253804915151e-05,7.703977345733109e-05,9.990952581647286e-05,0.00010150346123635149,0.00011893178804969152,0.0001171815022787378,0.00011138914127857711,0.00012812441515916081,0.0001175996316067547,0.00012503660116045085,0.00012682626176590295,0.00012505504995458393,0.00011560052202130706,9.985030836641923e-05,9.14157601184037e-05,9.390814887484368e-05,0.00010237370440798929,0.0001091055869632735,6.524308619430222e-05,6.960166582441959e-05,7.634832372928013e-05,7.136792519914672e-05,0.00014494106150015427,0.00013198776060724212,9.377187941267763e-05,9.956408292905868e-05,0.00010652224558690255,0.00011766999190348405,0.00013028070910746037,0.0001369005713824414,0.0001331937242073764,0.00017900886857521065,0.00017648480022854743,0.0001548885094625953,0.0001580805914462067,0.00015152198309596743,0.00013466383432744094,0.00014200007554553801,0.00013242012503608816,0.0001187633673872038,0.00016528595547328379,0.00021240443550090421,0.0001484044063183193,0.00013835364062033602,0.00013052305425844264,0.00011570089656834975,0.00010982173736545863,0.00010752086881089329
AMD,0.0005586511862600449,0.00044244828056370943,0.0005324347962170635,0.000527465495363132,0.0005601237941515641,0.00043010704801597254,0.00040182957915145827,0.0003742647681718312,0.00036524505255845687,0.0003456322203507937,0.00027624517184318795,0.000267278300277046,0.00020436944735578887,0.00020563444374895146,0.00017733211022301557,0.0001843640904178578,0.00024535128094309246,0.00024145821399796307,0.00021294359674504088,0.0003357776648975247,0.0002508692512711498,0.00037626530867972607,0.00039895813838847146,0.0005047877346070894,0.00035732869984886936,0.0003353750611562791,0.00037379236847283413,0.0003605065406129158,0.0004387068736011881,0.0003472901590493268,0.00019088879528612236,0.00016146043237758379,0.00014804451537174981,0.00013446595336305154,0.00014218610489402195,0.00019313050537928398,0.00022156028738070646,0.00022596839239712524,0.0002690476804173977,0.00028506719772367073,0.0002880510036495732,0.00024311172593225865,0.00030108514710230346,0.0002763612743804224,0.00027984293141171044,0.0003217728192241948,0.00041692138164909585,0.00038276611319761257,0.0004008448085330878,0.00029156393953018087,0.0003453539772521414,0.00034783750542434586,0.00039526041089911506,0.000358436024881756,0.0003825744780605141,0.00030156970628018723,0.0003234044356394294,0.0002669421655822193,0.00025577946688139957,0.00022637809679841692,0.00026630149945348317,0.0002566788984587067
AMZN,9.944339474268834e-05,0.00010081026885957553,7.966383392869815e-05,8.989706218402984e-05,8.984539144539108e-05,9.197967570177346e-05,0.00010215039974214627,9.188371527629166e-05,8.90126573641849e-05,8.74008345713153e-05,5.37891797119838e-05,4.867037926704322e-05,3.58580856990938e-05,3.445904420009914e-05,4.7489751245620324e-05,5.0222256074738055e-05,9.431404319265536e-05,6.209920185078553e-05,8.111951620871012e-05,9.413164043323639e-05,0.00010038235982065933,0.00012005816197504597,0.00011765717341899104,0.00012889168865542022,0.00011820920793626159,0.00011256128446126045,0.0001239273493175943,8.701886768747005e-05,8.20836162028755e-05,8.077882776042397e-05,7.41079138309632e-05,8.274174755531736e-05,7.441538542411806e-05,6.523404383903216e-05,5.0113892456466956e-05,4.667681749229392e-05,4.8682398253253894e-05,7.334913887568452e-05,7.237325049577373e-05,8.097562547544772e-05,0.00011621252636027736,0.00012972224553405286,0.0001392484695329149,0.00016034275912296737,0.00015148424027286987,0.0001554918582698,0.00020201999055910762,0.00016774403720788648,0.00018015964905880306,0.00018396576676260265,0.0002470435958668402,0.00016449739040806047,0.0001276343415032806,0.00013645167970681373,0.00013416016701573824,0.0001154083470872834,0.0001339615339483528,0.00010404669202134806,9.978761649836332e-05,9.730682297059076e-05,0.00010102886558632906,7.102949024456189e-05
ASML,8.780272629221562e-05,9.294718963641484e-05,9.097025341149951e-05,8.339344115663562e-05,8.35639386191592e-05,8.501771858833707e-05,8.415612993616245e-05,8.503495091010887e-05,8.016071766720643e-05,8.597052385764633e-05,8.515181014811988e-05,8.212086450590555e-05,6.927649682642916e-05,6.274878164143664e-05,5.8952146547698294e-05,8.274335642287734e-05,0.00013850793553369905,0.00014608974534402436,0.00015259855308810436,0.00019552758724468094,0.00013578007618132373,0.00014258698939045497,0.0001462719729541004,0.00015513908490055208,0.00015646030925866049,0.0001572384598491215,0.00014526636146739528,0.00012604326898576901,0.00012287241630201868,0.00010347993364157912,9.674347399668396e-05,9.466465529522053e-05,8.036399051001303e-05,0.00010786593050022807,0.0001149784231425666,9.526220037415204e-05,0.00010829550906652746,0.00010538770061512084,0.00012885354655041995,0.00010463677536142999,0.0001404415798528772,0.00014609373432274687,0.00014808683802339565,0.00018116530289524413,0.00016979335680047087,0.00016896416192222483,0.00020840784923379925,0.0002576496157895977,0.0002386970555958143,0.0002087570644813922,0.0002118821396644918,0.00020588249076531912,0.00023773624764542313,0.000216822322956135,0.00023214855171710855,0.00021915207422314745,0.00023846521148582144,0.0001699393454445336,0.00012886867406534608,8.460393730862117e-05,9.139477740272195e-05,8.981361177365038e-05
AVGO,0.0001308617196332808,0.00012250734515322994,0.00010828848604693408,0.00013335841841847075,0.00014637581644112724,0.0001614842681430674,0.00011654599049394418,0.00011740984791160425,0.00012203490656642785,9.988270467987122e-05,8.802229220045768e-05,7.358770015581707e-05,7.604468731489863e-05,6.450649760222488e-05,7.639191343738035e-05,9.306695688783116e-05,0.00013950094546991246,0.0001399966574074054,0.00015935244325099686,0.00020760946505899493,0.00012057641633827156,0.00012608150110094983,0.00011866221071962881,0.0001238773122119269,0.0001234352645125983,0.00011143068558911052,0.00013298991766081615,6.516608979318331e-05,6.378184486953522e-05,6.523679840562893e-05,6.388515933456563e-05,6.248364639383309e-05,5.012013613012088e-05,5.080226290891921e-05,5.2608018207432356e-05,4.5711702522823365e-05,5.650418513807359e-05,6.615065676316974e-05,7.139687353914326e-05,9.96238041871426e-05,8.535782266786288e-05,8.492078698867329e-05,9.44476032222808e-05,9.654859766740772e-05,0.00010100678862525386,8.983764715354626e-05,0.00012015771907884121,0.00013172028353866473,9.786914347177447e-05,8.761827052256777e-05,7.790064812725875e-05,7.479774475230938e-05,7.226448691229472e-05,0.0001197117929712355,0.0001691061338020861,0.00013439579319518408,0.00015783710391576895,0.00015243632761854697,0.00013979953895024196,0.00013601172252841693,0.00014364175506409837,0.00013187156999639891
BAC,4.399304527616076e-05,5.3906215568206496e-05,5.797272082512804e-05,4.9616586810452254e-05,5.0298946867894094e-05,5.49628270691125e-05,5.4292480360454784e-05,4.338965986466556e-05,5.690854105201652e-05,5.584736521911535e-05,5.0192045112909566e-05,5.4627444644756626e-05,4.786425349817641e-05,3.815702964990735e-05,4.4730886373515384e-05,0.0001244488452240867,0.0001411351266658538,0.00014963596064852464,0.00018562668614502823,0.000235401768209157,0.000174492070871958,0.00017820683406511952,0.00015624049174854622,0.00020879241242665196,0.00018029073248956536,0.00020582412895963294,0.00016456559381518708,0.00011432294747175266,0.00013364051266327278,9.803803964107638e-05,8.361174228499218e-05,8.36930073412727e-05,7.182651543992649e-05,7.444717540873357e-05,6.693981959157263e-05,6.000159520947246e-05,7.226178627269037e-05,6.515702304304096e-05,5.7702359198247756e-05,8.092525686485822e-05,6.723426364423933e-05,8.470933865813564e-05,9.909738726068508e-05,8.76956032263159e-05,6.271032114483157e-05,7.443125229808317e-05,8.663616007906479e-05,7.48183907626729e-05,8.66374698857027e-05,8.981572308787012e-05,7.552682089447113e-05,9.599834865850818e-05,8.178583182956003e-05,7.603968873093259e-05,9.988547226274938e-05,0.0001115638018970564,0.00010628094716189734,9.067004474008162e-05,7.977745692637115e-05,8.420319499660775e-05,6.761795403637833e-05,6.182821481091827e-05
BHP,6.464855394351243e-05,7.33271366941235e-05,5.898739668936803e-05,6.006026006078735e-05,5.3127170662230294e-05,5.473802649106658e-05,6.21267768816694e-05,6.794602827827487e-05,7.680337306085429e-05,7.65814895583545e-05,6.619711870093488e-05,4.634106573571381e-05,5.1391918874944845e-05,4.378837662884473e-05,5.2213941736599763e-05,7.533476384987508e-05,0.00013935287240265766,0.00016321694816942673,0.00017584611993966143,0.00017849851428289914,0.00016158973745372318,0.00015164593023455608,0.00015574694541322078,0.00016509537409902813,0.00017458734598193657,0.00017660219606304415,0.00015426462712852843,0.00016472645064899395,0.00013848409970873497,0.0001225749434636338,9.276787817315694e-05,9.577480416407282e-05,9.371835251835949e-05,0.00011789227722226438,0.00010916306741487217,0.00011178648615011046,0.00012372419881283994,9.251340889839496e-05,0.00012096710869792681,8.167440086048675e-05,8.992035426229342e-05,0.00011278334320758768,0.00013397455700194733,0.0001265162824428959,0.0001635964651548137,0.0001631746238751458,0.0001476274462842409,0.0002036906101473879,0.00020047061314651507,0.00019042087005625817,0.00017857440851295968,0.00017301777120093287,0.00016432737920234726,0.00013340578284203538,0.000129190375431342,0.0001381422237407314,0.000122311812304181,9.5370317908767e-05,8.424546165797903e-05,7.782133984467599e-05,7.085649152925507e-05,6.15919425854652e-05
COST,3.594309066939812e-05,3.857687648474997e-05,3.286106589508265e-05,3.7722159738457686e-05,3.974931732374552e-05,3.926668120394114e-05,4.199964210756241e-05,3.443812972478018e-05,4.3594701929927014e-05,3.784903005230976e-05,3.431328628653775e-05,2.7718894340780782e-05,1.944399926709102e-05,2.318155561274573e-05,2.8542154156064675e-05,3.727829143005647e-05,4.069697363018317e-05,4.487173690668966e-05,4.438297690667764e-05,4.303887786262403e-05,4.5015280748873004e-05,4.1752821507723524e-05,4.19995874445391e-05,4.92051296764169e-05,4.605439092356797e-05,5.436610525173858e-05,4.659762876182398e-05,4.368549607689334e-05,3.3561413825723376e-05,3.826462851177408e-05,3.204633015547576e-05,3.492070909227615e-05,2.596976353058096e-05,2.785152059925546e-05,2.9976026383630058e-05,3.082667960143944e-05,4.0838882129875274e-05,4.952175516977161e-05,5.5876526412063664e-05,4.3468433617895684e-05,5.6828410548020193e-05,8.645506496667966e-05,8.499408419024812e-05,9.141628539061571e-05,9.10193691992684e-05,9.96403446289956e-05,9.175521464439245e-05,9.856314570221521e-05,0.00011564076038129304,0.00010696787417917521,9.262226211417701e-05,6.900802016949055e-05,5.859433609766383e-05,3.865131957490812e-05,4.468033453281214e-05,4.12442036110752e-05,3.899561665273385e-05,3.364444361064835e-05,3.6547433822136215e-05,2.9964597190589595e-05,4.3046678584788405e-05,3.429585993104145e-05
CRM,8.124735194656205e-05,0.00012008417246279541,8.193908367799413e-05,8.181204791511949e-05,9.339761619128125e-05,9.653477267008593e-05,8.160149489074745e-05,8.134729468908328e-05,8.566698757540161e-05,8.866491334902501e-05,6.839160173803633e-05,6.467121338375026e-05,5.636237101726427e-05,4.085173621554502e-05,5.793465229284946e-05,8.522754867295011e-05,0.00010777997858194018,0.00010972147901021499,0.00012697570115997409,0.00012665916236830104,0.00016858956930652642,0.00027508888914513175,0.00023410732953239904,0.00024022538138794946,0.00018608709979214437,0.0001785986056064784,0.0002083390439694337,0.00015302498212186943,0.0001606422418559223,0.00015061521686192116,0.00013259082491338774,0.00013679433166364667,7.430167345125253e-05,6.465497985642592e-05,6.523687731624326e-05,7.356703358517378e-05,9.876691720072652e-05,9.482280089133602e-05,7.07942519780641e-05,8.476722152193684e-05,0.00011960726522121387,0.00010786653584544827,0.00015998208627166998,0.00016127934831858403,0.0001493599930088389,0.00013059040107942443,0.0001627009121002696,0.00016370371428293574,0.00014941509392992606,0.00018502018681136058,0.00017037705450159506,0.00015732900252869996,0.00016763362142524366,9.499653301791917e-05,0.00013576421955095906,9.388812099068861e-05,0.00011781412847558666,0.00013281078478000956,9.380812030376792e-05,8.136158726024547e-05,0.00010589070049147654,0.00010570097946138665
CSCO,4.601706084327558e-05,6.308926222986627e-05,3.94662241685866e-05,4.131745333501815e-05,4.33284455322288e-05,4.505795252909341e-05,5.070365280708556e-05,4.2984308506326714e-05,6.357050988194002e-05,6.67153939673671e-05,6.467541890001423e-05,5.310326196187543e-05,4.685563897288895e-05,5.362758085250676e-05,6.897305633187313e-05,7.891437787405554e-05,9.383294666491556e-05,0.00010068406551638287,0.00011718352394158947,0.00011614541872082851,8.977750668880286e-05,9.967862730152568e-05,9.667517375844092e-05,0.00011438407347086114,0.0001184120803424457,0.00013500072509218657,0.00010379730475296011,8.403268422372866e-05,9.297916968175781e-05,5.194086075665011e-05,5.5296617374688224e-05,6.028974069731783e-05,4.2810737014329644e-05,5.243278897537149e-05,3.764029543072932e-05,2.7737690660049448e-05,4.7883706451132147e-05,5.3702651340521715e-05,4.8500406061847036e-05,3.7930190932597584e-05,4.858414792594776e-05,8.04457828390918e-05,6.992070707606992e-05,7.866425686036127e-05,7.478025260345133e-05,8.638340037904958e-05,9.893438688179744e-05,7.983682795610247e-05,7.46432121098283e-05,6.657354732853043e-05,6.417822222882747e-05,6.0954273475875856e-05,4.9597254748523864e-05,3.917287260390344e-05,4.415818432834245e-05,4.475982733155903e-05,4.143300330730239e-05,4.3477481145670754e-05,3.760691681902668e-05,3.409274083596679e-05,4.3753594198736675e-05,3.6468137731970845e-05
CVX,4.131228460292187e-05,4.544644959942286e-05,4.257192240878106e-05,3.953510147121158e-05,4.011216177242563e-05,3.614894119041554e-05,3.818766101081875e-05,3.4936626445215504e-05,3.784372041903362e-05,3.315472790507588e-05,3.5113144777270576e-05,2.8527910427521865e-05,2.2245412567091463e-05,2.6120650644237663e-05,3.2850464552036025e-05,7.646480831893433e-05,0.00013930944471003264,0.0001483276928464823,0.0001569014562773939,0.00018116807819134296,0.00014386733358597075,0.00015619146865908137,0.0001555189331038006,0.00032067464399428397,0.00027578725779232036,0.00024817482411586565,0.0002744197849414374,0.00018439434897096172,0.00022426761834234876,0.0001894439273879114,0.0001749350911278773,0.0002008379529450884,0.000177442777866904,0.00011860288990569578,8.860181044992096e-05,5.918319478978581e-05,5.3035308802662657e-05,5.4836326266521756e-05,5.6847873400750194e-05,5.2407548091272354e-05,8.160646418545526e-05,9.271761680967833e-05,8.646654034219707e-05,0.00010295153811660821,9.249360595039264e-05,0.0001033999213717007,0.00012814393490033133,0.00014676309593046423,0.00011354103427691735,0.0001306693528318986,0.00010687869387195226,9.882379994209192e-05,8.552049004321326e-05,8.00857757267395e-05,7.70824354669521e-05,6.185245675783239e-05,6.418861113927084e-05,5.085295860460358e-05,5.043456442961143e-05,4.807689837454913e-05,4.8673120935311596e-05,5.1561881800660577e-05
GOOG,4.7086466098377094e-05,5.0273769059363764e-05,5.3083072205736785e-05,5.147195820776352e-05,5.1500603986914415e-05,4.404539762989747e-05,4.831293271068967e-05,6.945347363252514e-05,6.483289496398171e-05,6.058235496456318e-05,5.392157999719419e-05,5.091267385218866e-05,4.227774859815959e-05,4.9471877514620166e-05,6.003168248984826e-05,7.297838282907362e-05,7.779285471051154e-05,6.977169768984656e-05,8.19457936435877e-05,6.430544427551692e-05,6.229355568355417e-05,8.097882798016063e-05,8.414214589026765e-05,9.56443971274668e-05,9.636027353728021e-05,9.328369780066496e-05,9.547413730002993e-05,7.77207973159016e-05,7.37446693422752e-05,7.078922092209655e-05,6.897707756421285e-05,6.964907907934142e-05,7.717823810854025e-05,7.171715357335647e-05,5.499801972135515e-05,5.839811214663081e-05,5.8105414890791583e-05,4.0274389384952044e-05,4.122720647643628e-05,4.218298693866499e-05,7.577607917251722e-05,6.001839335973973e-05,6.555455914229211e-05,7.79288415013307e-05,7.92118634734911e-05,7.746769133658868e-05,8.655349722165074e-05,0.00010823915606388833,9.404815135208353e-05,0.00011329225958393261,0.00011929843365964618,0.00013618767551549764,0.00012678559352043392,0.00013098061044940378,0.00013032385347504672,0.0001237955669752044,0.00011152473006750347,0.00010690573068326572,0.00013071458291194965,8.814958371633552e-05,8.786418210593619e-05,7.608426253342203e-05
GOOGL,4.490308847768199e-05,4.833776823136288e-05,5.281184148308976e-05,5.337674319055012e-05,5.166842231879908e-05,4.371160220282824e-05,4.769945946494414e-05,7.160988640046931e-05,6.618470911095727e-05,6.002827856981284e-05,5.2416264369088884e-05,5.428961872919586e-05,4.681962957505458e-05,4.943719751236612e-05,6.504984212788193e-05,7.205487091740289e-05,7.613356140947201e-05,7.041445991698248e-05,7.988068666409878e-05,6.293615219443955e-05,5.992803165348398e-05,7.843337637018228e-05,8.233144830770577e-05,9.878351862095951e-05,9.516799501345526e-05,9.428423603558419e-05,9.66758810789367e-05,8.03754126768099e-05,7.412520485367185e-05,7.174098872858219e-05,6.683629241671256e-05,7.56774402180733e-05,7.390994758788475e-05,6.668189122962853e-05,5.805541859141304e-05,5.730187736586189e-05,5.424594111983703e-05,4.476961691513608e-05,4.115982309747275e-05,3.793864665344826e-05,7.370504188389368e-05,5.658316611325106e-05,6.294698037726838e-05,7.543465973836944e-05,7.675455429814111e-05,7.408559592380427e-05,8.545547404910187e-05,0.00010454878569703696,9.531672461541878e-05,0.00010748738970123279,0.00011381133575799886,0.0001346369880453153,0.00012782367366163301,0.00013157628481046056,0.00013704736649975348,0.00012551314746427503,0.00011075834716458769,0.0001101112565587055,0.0001286172313385616,8.996174514920666e-05,8.929843617582865e-05,7.408485113642499e-05
HD,3.65164688953227e-05,4.204732989959887e-05,3.42241152147014e-05,3.657159031589088e-05,3.464462700447984e-05,3.874766688589481e-05,4.391149263953027e-05,4.272664842249387e-05,4.8983381395155714e-05,4.216515138423442e-05,4.1088526718209234e-05,5.006676580538779e-05,4.2986280423891686e-05,4.0479617138346993e-05,4.434658853868525e-05,7.286516035843831e-05,0.00011606438781668338,0.00011813928642181894,0.00012359800643212796,0.00011885441898805944,0.00011212710002871522,9.502478678283007e-05,8.703952200203167e-05,9.442662888530923e-05,0.00010327087548335514,0.00010919959379398932,8.852243579358137e-05,5.955603126239565e-05,4.602743799728638e-05,5.082815162488693e-05,4.147941261978267e-05,4.902685299213873e-05,3.9877934256817455e-05,3.655925800746901e-05,3.729725718328398e-05,3.537671950480162e-05,4.117325830849805e-05,5.197306746784766e-05,6.366342601875287e-05,5.380867866496706e-05,5.290771990576887e-05,5.512131467889851e-05,5.2815244064029405e-05,5.9458688496870375e-05,5.7462262931910876e-05,9.255051301810357e-05,7.541454688004882e-05,7.010597713611817e-05,7.657107567079317e-05,6.362604434020999e-05,6.812930693617313e-05,6.662641119021974e-05,5.0689533992274886e-05,5.451318693116771e-05,5.0555589573035615e-05,5.38330959673659e-05,4.6661749614953775e-05,4.263443044493989e-05,4.2267147375715114e-05,3.769411788756967e-05,4.0493083045282755e-05,2.8184056938252124e-05
HSBC,2.8696048417708446e-05,2.6254079539128593e-05,2.663549405666865e-05,2.146870688777087e-05,2.538819134162865e-05,2.5523114779079134e-05,2.495338636509091e-05,2.1639913477630032e-05,2.730535434751787e-05,2.423054416323881e-05,2.154692452007636e-05,2.3034098063342474e-05,2.1764796615773465e-05,2.2524699826751382e-05,2.8496478513098838e-05,4.25809685081492e-05,7.206909250784678e-05,7.124161343559201e-05,8.43807964100552e-05,8.630635513969609e-05,8.567510375466481e-05,8.966020280929042e-05,0.00011641237159728202,0.0001450606482995923,0.00020516860049060492,0.00016679840031473965,0.0001450461461876223,0.00013224781700247977,0.0001319088312492922,0.00011958774416371433,0.00012325319574194276,0.00012431170048375533,0.00010956863333310293,6.696015555083688e-05,6.502539014273894e-05,5.325234843561511e-05,5.5452920597981775e-05,5.7339738701044006e-05,9.230109962847703e-05,9.957732771877331e-05,0.00013769435578184423,0.00013641201551720214,0.00012450431369493827,0.00010259649899429485,8.098891617695427e-05,8.827408702618184e-05,8.577384274562389e-05,0.00011682658616259742,0.000117164975939557,7.848268489161572e-05,7.986606657219376e-05,0.0001159273186127536,0.00010624644921109454,9.910988958477221e-05,0.00012123584273187776,0.00010147920377980637,8.676512279905145e-05,5.4302549983155416e-05,6.309562083629144e-05,4.648201015430303e-05,5.317344096271732e-05,4.060127298143663e-05
INTC,6.031088526380238e-05,7.39336041127206e-05,6.784905888580971e-05,6.009251007677261e-05,8.075733523776257e-05,8.853069734775878e-05,8.399534564221285e-05,9.359490186195609e-05,0.00010148264643374429,8.283717671077665e-05,8.547635105329966e-05,6.880036357162863e-05,4.956849413320803e-05,6.355280056426933e-05,7.348045466970744e-05,8.710392420684854e-05,0.00013329113571276273,0.0001395352169582913,0.00015028445626018956,0.00017298592089536258,0.00018828096382650616,0.00021209742498756035,0.00017385476589515508,0.00019228667579259117,0.00018016024321184922,0.00022285423779737476,0.00013176580792769317,0.00016142895413534238,0.00011958735826140263,0.0001212716389314954,0.00011850809770773377,9.959198510589153e-05,0.00012330866711418494,0.0001305360996257919,0.00010120805718522247,8.814958712827446e-05,6.002147910559487e-05,6.447327076180617e-05,6.55593970668235e-05,7.630791737090062e-05,6.929471579730025e-05,7.733348317159442e-05,8.591226801576934e-05,8.377367458430023e-05,8.82344525355912e-05,0.00010225931687784032,0.00010267025452922072,0.00011252621882827851,0.00012188998629382943,0.00010116939657035104,0.00011754404010691724,0.0001381543031680919,0.00011499087953313988,0.00011676996856134765,0.00011690261910592358,0.00013180777521281864,0.00012750247705220816,0.00015825863171052277,0.000113132964630165,0.00016611789543149007,0.00013343225172297572,0.0001581653699266003
JNJ,4.4871521005334325e-05,3.9905731658262024e-05,3.36921168130732e-05,3.618036037323559e-05,2.962009915353662e-05,3.287455736715299e-05,2.861972795654037e-05,2.8768371418118185e-05,2.945506370736248e-05,2.7021111257741258e-05,2.5878809248754696e-05,3.659501931315362e-05,2.2347288414934494e-05,2.0784245967028032e-05,3.3829558816043804e-05,4.005935760681267e-05,6.502696804214942e-05,6.36120439441177e-05,7.179046960227165e-05,5.88645008449699e-05,6.062395527895338e-05,5.92529121527252e-05,5.769055376499086e-05,6.543569388241191e-05,6.288505527315537e-05,6.672875382274826e-05,5.907720809203615e-05,4.6502899007278854e-05,4.746439011888277e-05,3.7011037583575184e-05,2.6213849837645265e-05,2.7035014221011116e-05,2.543888166570872e-05,2.369209383157455e-05,2.2389428018080077e-05,1.8181124037363037e-05,2.2761954034436098e-05,2.3728911861383507e-05,2.349372660125211e-05,2.6076719852619898e-05,2.360177699047313e-05,2.6893349525529662e-05,3.0430622462732235e-05,3.449273470060768e-05,3.1458331791858856e-05,3.112106000159594e-05,3.39247774413723e-05,2.95739489430013e-05,2.4304278273826047e-05,2.5817450949334373e-05,2.712202066759991e-05,2.0298863858851478e-05,2.729702211248773e-05,2.3442632786175364e-05,2.4258988021321476e-05,2.342718351272527e-05,2.1806357629014464e-05,2.217685694007927e-05,2.4226602819423822e-05,2.4085231918728438e-05,2.403953921404184e-05,3.492530064455747e-05
JPM,4.918511170097536e-05,4.239703645977976e-05,3.286636285874028e-05,3.4670603713681746e-05,4.313373659141209e-05,4.3207054725801346e-05,4.757979922135494e-05,4.012941198840311e-05,4.691479201092234e-05,4.1990901059328506e-05,3.741438977983825e-05,3.7131014090284116e-05,3.0790443752656835e-05,2.9457100637783825e-05,3.442230598936838e-05,9.507741138472717e-05,9.740404973893306e-05,0.00010552827304981984,0.0001654704461876938,0.00015622098955710397,0.00013394916627996106,0.000138245357611971,0.00011912506956344251,0.00016785891058088674,0.00015750676826749925,0.00015764399782812656,0.00014151336955981286,0.00011353180322854445,0.00011365365395259424,0.00010204029170764046,8.256322013748145e-05,9.656250712101733e-05,7.838346757015837e-05,6.017093489127666e-05,5.675304290251226e-05,3.81654208330803e-05,3.684074649875767e-05,4.8506681941123714e-05,4.66153744247145e-05,4.622383754379284e-05,6.22395900358957e-05,6.208431259179016e-05,7.085203339134727e-05,6.450724811645342e-05,6.634062359894224e-05,7.149885743642595e-05,9.601047569397551e-05,8.686926075405493e-05,7.417693261021447e-05,7.532769715606644e-05,7.162772958828842e-05,6.734893878617764e-05,6.396144540499534e-05,5.715706362511605e-05,5.737940421584991e-05,6.080243157556454e-05,6.736143290148264e-05,4.39673468856713e-05,4.687104388766704e-05,3.888851838596157e-05,3.876817189756032e-05,3.215234051145405e-05
KO,2.6553492133657165e-05,2.3384831805140532e-05,2.4703947676395667e-05,2.0662387270955816e-05,2.2332204418831935e-05,2.2159684515631456e-05,2.4712450593022645e-05,2.1375564016883017e-05,2.534443462703407e-05,2.3245582098751977e-05,2.2740940496212345e-05,2.0364315868572306e-05,2.1957070207677325e-05,2.0484228375514343e-05,2.1760629316663304e-05,5.326412087176569e-05,5.8562385559702e-05,6.045963419142879e-05,6.659899815019682e-05,8.360817204180724e-05,7.358354945530479e-05,9.08271465225875e-05,8.800585807487527e-05,9.161609184193367e-05,8.702535753762975e-05,8.003544845259705e-05,6.556336146781034e-05,5.084921500190591e-05,4.613826958881063e-05,5.4576216407393606e-05,3.762333164436375e-05,3.199549044928467e-05,3.362099078483437e-05,2.9369657107350066e-05,3.1665080406383804e-05,2.8331589064319987e-05,2.6965980460470154e-05,2.3844790543901175e-05,2.331321819146082e-05,2.139928968478444e-05,2.8039368483327635e-05,4.012565427187218e-05,4.288689435208063e-05,4.6159699687394906e-05,4.443920937726626e-05,3.2532861987712436e-05,3.9683812609716325e-05,5.4097336074806765e-05,5.3608586396681706e-05,5.001077307056219e-05,3.5939317886450875e-05,3.1017068609907074e-05,2.610841401972004e-05,2.3114031205411677e-05,2.0958177949622497e-05,2.0066835687758035e-05,2.7661502470756716e-05,1.7548441985748946e-05,2.0284731171050874e-05,2.47497067129985e-05,2.539915640302603e-05,1.8809871804429702e-05
LIN,4.357428061910062e-05,3.996428648194655e-05,4.2602601067849704e-05,4.26560319096919e-05,4.610823606418528e-05,4.5439676314521696e-05,4.893135949765981e-05,4.0937851068595804e-05,5.698693861899185e-05,4.4171817819056854e-05,4.427869101682905e-05,4.0955539843986e-05,3.2985765151805885e-05,3.0419470042885848e-05,3.407622191103565e-05,5.416678955198162e-05,7.140134116220437e-05,6.22754136389084e-05,7.805640513724337e-05,8.635805731085501e-05,7.355154504991276e-05,8.0807577427482e-05,7.686182124175339e-05,9.21600774691202e-05,8.997596914453295e-05,8.47335960812516e-05,7.61144988926326e-05,6.789952588235625e-05,5.959439841268318e-05,6.0803399832114764e-05,5.581921981636881e-05,4.6483745699016684e-05,5.905147477097737e-05,5.042565100718706e-05,3.8318763462438744e-05,3.0960056613474944e-05,3.3594120951548565e-05,3.059240795724619e-05,4.116742578109449e-05,4.9430595589033556e-05,4.485483804522588e-05,4.461389145894602e-05,6.774261540984237e-05,5.9619213837120347e-05,7.004419922257384e-05,6.250202671322958e-05,6.618688866849963e-05,7.973753527346008e-05,9.218571359262217e-05,7.329863757181311e-05,7.798171602398562e-05,6.772165700008498e-05,5.377538898809813e-05,4.9699287089111096e-05,4.578614847318275e-05,3.810303458475833e-05,3.7277430369588446e-05,3.753713123750375e-05,3.227419776889604e-05,3.0280210411536334e-05,2.4590686339695513e-05,2.3552516648694595e-05
LLY,4.12732576205838e-05,5.644134860061272e-05,4.201014169496424e-05,4.389796307619067e-05,5.404409440038593e-05,5.168223436151195e-05,3.6146201886791094e-05,3.382260765491296e-05,4.852098150615199e-05,4.472070779900364e-05,5.1165488315168895e-05,4.329797327187646e-05,3.822241507659664e-05,3.583870851872617e-05,5.1097638514763736e-05,7.629787492156248e-05,8.722547230106668e-05,0.00010036710532798995,0.0001084063957302155,0.00010472873847058488,9.79700177340091e-05,0.00010282731013886912,0.00011315439298427841,0.00013308208588477027,0.00012578627216131342,0.00019124180284639213,0.00015859890055379934,0.00015145138756027707,0.00013814636244749746,0.00011669354389835668,0.00012590425071875962,0.0001265445349385918,0.00011069708735267186,0.00010735058814643113,0.00011972687817746731,7.967145405818987e-05,0.0001079806211032848,9.374729563087225e-05,0.00010401873375454263,0.00010097195517301004,0.00010191051110255724,9.388418053283846e-05,8.078685078953407e-05,9.411571566156831e-05,8.22323333375847e-05,8.695593308999867e-05,9.806158892208774e-05,8.309403676071367e-05,7.589780251969541e-05,7.420668523506526e-05,6.959002577352024e-05,6.617962196688708e-05,8.919821292242322e-05,7.960286829004868e-05,8.818273154093531e-05,7.650099050769056e-05,0.00013099037610517626,0.00011813815541964506,9.796669646646488e-05,9.089213783103331e-05,0.0001230867187251262,7.960831530000155e-05
MA,5.18203078259073e-05,5.818221981444673e-05,5.2695187617526254e-05,5.442903289872659e-05,6.068046129152979e-05,5.716598592175126e-05,5.965635187652472e-05,5.145544178170562e-05,5.6282508233876677e-05,5.2564880212558176e-05,4.16633251045391e-05,4.26034883709601e-05,2.7345204645702504e-05,2.956479693105121e-05,3.689816601042539e-05,7.556392869074497e-05,9.752470270501929e-05,0.00010607672857461143,0.0001156004442778922,0.00011409501324718271,9.045399455394439e-05,0.00010871868104399499,0.00010777005734770217,0.00011968156608949549,0.00012060204203081261,0.00013535719230435564,0.00012767786082526844,9.090911938381004e-05,0.0001018189856630838,0.00010540468245475694,8.201384078013287e-05,7.462885692193222e-05,6.851727140450812e-05,6.108361138649509e-05,6.1004829986898594e-05,5.652354011464788e-05,7.868054574536108e-05,7.403581307733406e-05,6.467471808546424e-05,7.535696047962922e-05,9.4259953313859e-05,8.724814186951669e-05,9.448078591548726e-05,0.00010697282830092689,9.502695542944442e-05,9.074058439200288e-05,9.575375851497326e-05,8.57941551455871e-05,8.403321250978052e-05,6.483857188746522e-05,5.800487393016258e-05,6.688518910927122e-05,4.9491273941688606e-05,4.765832717750082e-05,4.4019977271180545e-05,4.1779437883271954e-05,4.117495972409294e-05,4.273087635586848e-05,2.9118494121743042e-05,2.5310758092971732e-05,2.8202602061946564e-05,2.0864434982275336e-05
MCD,3.7940176947644524e-05,5.160827841103848e-05,3.082479954940719e-05,2.7535864949555426e-05,2.2256444976681436e-05,2.082056732211833e-05,2.1761978281788135e-05,2.129805258847024e-05,2.0380485522382615e-05,2.0753023609883037e-05,2.4474107163250902e-05,2.0211619863441124e-05,1.5797262223397935e-05,2.1037642105844886e-05,3.2504434360715445e-05,6.112920275938536e-05,8.086845900726412e-05,7.627630038113007e-05,8.338584983193155e-05,9.606968019396786e-05,7.449528163587589e-05,8.05975296661245e-05,7.762910066685294e-05,7.831863631696318e-05,8.126530265864412e-05,8.173303830562378e-05,7.105885535865489e-05,4.7515879842211086e-05,3.116723220108691e-05,2.9206491512783813e-05,2.8513998910487817e-05,2.9094653257648804e-05,2.1578812994903067e-05,1.8016738996292828e-05,1.5466201918971412e-05,1.8797228031910123e-05,1.6800618237394376e-05,2.0758177603393215e-05,2.1094911580655536e-05,2.356090981398064e-05,2.9824776210728472e-05,3.072027130770965e-05,2.9732849995962253e-05,4.015325217742172e-05,4.0938179754512314e-05,3.858639323298773e-05,4.5218479895687804e-05,4.929284556563258e-05,4.6242109765525034e-05,4.232364080939202e-05,3.017398007471636e-05,3.282398400127521e-05,2.9204890903500224e-05,3.170006514792008e-05,2.4689302135072803e-05,2.3885720621383484e-05,2.505569168174901e-05,2.001556632963776e-05,1.771084376010497e-05,1.820143483813235e-05,2.3319963546330765e-05,1.899203377523569e-05
META,0.00011082705828460037,0.0001314911621794681,0.00014247959960375547,0.00016954379744601284,0.00011688324653433301,0.00012547276060022016,9.587341933771956e-05,9.866695945186471e-05,0.0001097765109662374,0.00010971413424563517,8.906556480142452e-05,7.198843541290091e-05,5.623914650264924e-05,8.003111635950074e-05,6.641592438464028e-05,7.718071733919048e-05,0.00010765180474140241,0.00010091865198101194,0.00012420165956401167,0.0001368279207340487,0.00012267651703870913,0.00014887682401907158,0.00012577837273549517,0.00014286932462799284,0.00014595404806643663,0.00013292911992343585,0.00012082159736476102,0.00012027743628533052,0.00010561443944111687,0.00010095708493579934,9.336497839261303e-05,8.214140958215554e-05,7.665016212337507e-05,7.179398733274774e-05,7.13133931646028e-05,6.855779083821261e-05,7.427614194822508e-05,7.941443492961592e-05,0.00013880123824099621,0.00026259834794121166,0.0003067098122102963,0.00022947115340125218,0.0002591750324170798,0.0002612029514260591,0.00024872429595985387,0.00027216300248871774,0.0002808946428494814,0.0003274949806569099,0.0002588832442700981,0.0002639686310003631,0.0002667676396916807,0.00028439534719064185,0.00029940352837061284,0.0002680110089697842,0.00024235768800244962,0.00023781559214696525,0.00024026402326901553,0.00018745079205494868,0.0001854344723558728,0.00010112278937130626,0.00011535135270425255,8.909502463847808e-05
MRK,3.66185510235549e-05,4.0931194997705434e-05,3.814143036471542e-05,3.608595248147796e-05,3.94601753507389e-05,3.6017986533426576e-05,3.1687850403845206e-05,3.299901408604745e-05,3.380767727153991e-05,3.383989722314685e-05,3.9653993412045714e-05,3.770734452242892e-05,3.229487759653327e-05,2.6153961415849274e-05,3.28511037586469e-05,4.028163926456201e-05,4.5664823236169794e-05,4.9728184178836105e-05,5.1530944322640066e-05,4.634613762745757e-05,6.294057511438005e-05,6.551875430422888e-05,6.321228988821413e-05,6.370281765560561e-05,5.778055162206814e-05,5.485837681913482e-05,5.102883116874969e-05,4.580204644154462e-05,4.1299035961484474e-05,3.511347544999577e-05,3.87669640394878e-05,4.241997946156602e-05,3.282928798455905e-05,3.284959348834611e-05,3.866756767734093e-05,5.7936268676890105e-05,6.481860635097221e-05,5.6680485308826606e-05,5.7270760620769025e-05,5.571251258321954e-05,6.274142770407092e-05,6.133881397039182e-05,7.504518774935257e-05,7.524081913677605e-05,7.972528978118969e-05,5.6233988081085825e-05,7.096712294722765e-05,5.288792992238692e-05,4.738189907249147e-05,5.1149892567563704e-05,5.083337040353304e-05,4.3090345067509854e-05,5.0471986627323764e-05,3.837805529301697e-05,3.684300692752904e-05,3.884223302916543e-05,3.506105781249708e-05,3.535940542113867e-05,3.069997188950925e-05,3.3464679813187754e-05,3.480048309794063e-05,3.11660457129297e-05
MSFT,3.806604392007988e-05,3.7346701115906466e-05,3.782308792262459e-05,3.955761776840657e-05,3.966391502503561e-05,4.248314834704864e-05,4.4157679810929816e-05,4.191804064436764e-05,4.067257634293442e-05,3.942092410842823e-05,3.906622016787006e-05,3.2521078390891464e-05,2.3112345584245975e-05,2.6318096571070223e-05,4.058535039926113e-05,5.283915688481541e-05,7.426736771600135e-05,6.696488088258125e-05,8.301164895924388e-05,0.00010591087187161594,7.92587429242398e-05,9.170854787412872e-05,9.919284858115491e-05,9.879840628312602e-05,9.66347523596972e-05,0.00010098134165968859,0.00010263511288172027,7.167163053175604e-05,6.911089425116945e-05,6.78423726295971e-05,6.09071561640181e-05,5.1451093268665536e-05,3.844757224827872e-05,4.572610340266635e-05,4.7882846653333894e-05,3.6381466788426844e-05,4.504200786325725e-05,4.7928480316724984e-05,5.39086314167139e-05,6.136166029421556e-05,6.712914128518024e-05,6.159150808574519e-05,6.748479095500903e-05,6.127479712778264e-05,6.230891979378365e-05,6.711939530438861e-05,5.6987676525173964e-05,7.467832304380326e-05,6.208646825893533e-05,6.444394150163698e-05,7.481341105425149e-05,8.193287699329743e-05,9.975197876014441e-05,8.836291290486896e-05,9.888418066020634e-05,8.454699408844001e-05,0.00010407286415422019,8.150060296089595e-05,6.993476067665402e-05,6.185641743487589e-05,6.575082634670718e-05,5.392743469941842e-05
NFLX,0.0002034134024792988,0.00034299024731178037,0.0002567214736446747,0.000297397078981576,0.000338309409514416,0.00018250154729186125,0.00016294769645868509,0.00015235343539675834,0.0001490600914840181,0.00013865400670257878,0.00013848755125015248,0.00015855804263755342,0.00011114267888859378,7.321570143935164e-05,8.34432418185794e-05,0.00011952564569598011,0.0001294520060592558,0.00013235239105844544,0.00012176627114763002,0.000156933818397988,0.00016631331644303957,0.00018088123562007437,0.0001717178012363512,0.0001843749071564813,0.00017640918183515494,0.00021244836086202425,0.00019373002738052643,0.0001426161578462958,0.00014602807514018472,0.0001324026434740581,0.00012479268394513746,0.0001097577674332562,9.612845304783467e-05,9.072241588321493e-05,7.72992877488872e-05,9.059611798392042e-05,9.12640953168706e-05,0.00015150041072807646,0.00014519831371714525,0.00011599283406490294,0.0003649576232937825,0.00028869059501924647,0.0003672676329472218,0.00040158916433639404,0.0004316932091989632,0.0003050077706815334,0.0002747887877233872,0.00036563038387750745,0.00031458061930320135,0.00034243241337640997,0.00025579434931748244,0.00022190078455063976,0.00016856397650473682,0.00018164152121920274,0.00019596698046064564,0.00020543405903839234,0.00020028207539343935,0.00020434609592140005,0.00015571071649070012,0.00017773639035874555,0.00013961448722399223,0.00015388456238572056
NGG,3.4380835515883306e-05,4.28729624038125e-05,3.279017777522186e-05,2.975128928855813e-05,3.096791993981635e-05,3.668183732294737e-05,3.520268175544778e-05,5.0983470587461986e-05,4.444080213608918e-05,3.66887102157613e-05,3.6599153676440564e-05,3.605915932920199e-05,3.2894833487057605e-05,2.778198875147251e-05,2.8253092907838407e-05,6.312604287400691e-05,0.00010822729523614115,0.00011103593246675462,0.00011468436657396095,0.00010627875407396202,0.00012085663858152098,0.00011368872531012254,0.00013793905289934133,0.00013142950225223917,0.00011848449475487948,0.00011177126980637278,9.156549424649626e-05,5.265476896244857e-05,4.185692758432211e-05,3.359760409643359e-05,3.156907502155142e-05,2.766254780812084e-05,2.485862158505858e-05,2.3956147705096393e-05,2.798144870403959e-05,2.0533051337957707e-05,2.1944812781243807e-05,2.0995470359275567e-05,3.0876570966824114e-05,2.127289031256932e-05,2.3309011895098384e-05,2.709575249026485e-05,4.101100601794698e-05,3.851743921177643e-05,4.857459775327597e-05,4.6176477600879445e-05,6.605404913521176e-05,7.641842046274313e-05,0.00010857681769846799,9.301125273962894e-05,8.324294373238286e-05,7.47971560595643e-05,6.611860076544944e-05,6.646972235534923e-05,7.340265599629658e-05,5.1260823256918556e-05,4.490398791210904e-05,4.844090685291662e-05,4.2395281635388e-05,3.46147977720026e-05,4.736291960516478e-05,3.2482564810188594e-05
NVDA,0.0001746107031088801,0.00021809631639142647,0.00021929423280983598,0.00021332749649661368,0.00021035577075645761,0.0002297915587454468,0.00023320666602094542,0.0002676381181754914,0.0002197438646540574,0.000228555839718657,0.0002809860687744971,0.00021187864512946605,0.0001664215577276384,0.0001422226906744499,0.00013628711581763187,0.00016353811083616806,0.00019514874530917575,0.00022092380169687245,0.00020719610201955192,0.00021628419478139231,0.00020487047954113324,0.0002042773827607271,0.0001983976001487907,0.00021608059651906071,0.00023084244206535533,0.00020551046297987552,0.00017032133312311725,0.00012915485381667538,0.00014281106968721397,0.00015688488452226079,0.00016073757929885855,0.00019864711942132535,0.00014486529264374665,0.00015855757507190433,0.00013947916537766382,0.00020018069992919872,0.00029816538620037244,0.0002666991332988553,0.00026496685144247886,0.0002780783271546569,0.00038526774110688925,0.0003064421730669161,0.0003054051612579879,0.0002982997249560829,0.0003277395479907865,0.00025913561235856557,0.0003173998630516257,0.00026975245128287256,0.000299584165525886,0.00029196572256868093,0.0002550238579380939,0.0002596120362704793,0.00031292343170236277,0.00037352433879501767,0.00036755166337144564,0.0003250745667692949,0.0004559511182189955,0.00036791387995463925,0.0002904996594314183,0.0002667469706454182,0.0003289077435384183,0.00021523270764007657
NVO,5.260220298831813e-05,3.719013635215914e-05,4.511012690263442e-05,5.245614134101335e-05,5.3863390558071224e-05,5.427022340311128e-05,4.918802238443261e-05,3.7362543642406204e-05,5.1364196054940415e-05,4.644536594008119e-05,3.826121833999682e-05,4.359363425334418e-05,4.5072207598861094e-05,3.7476304284729166e-05,4.47829954101679e-05,5.0465376328846326e-05,7.571593218091937e-05,6.90147245235399e-05,7.246275119160642e-05,8.924833727918369e-05,6.429385276614514e-05,6.339058497204353e-05,6.136229779301052e-05,6.514811768418345e-05,7.37272518110644e-05,6.673716010292522e-05,6.233018524481135e-05,4.712953559576607e-05,4.875493745342875e-05,5.051356941920941e-05,4.92137473572923e-05,5.108339877959571e-05,5.1954612110050015e-05,5.861462248270415e-05,5.3450619041935474e-05,5.056243819407727e-05,5.312016347866257e-05,5.7008984623154386e-05,6.444317601925697e-05,6.521385599887505e-05,7.456236619629289e-05,7.468667040568101e-05,9.528893743876075e-05,7.358443618194949e-05,8.479570644848499e-05,9.886217270485683e-05,8.74451201054227e-05,8.832218842326588e-05,7.575790509026548e-05,6.98929338951887e-05,7.958705120714155e-05,6.022274552155122e-05,6.127621073633344e-05,6.299268476441783e-05,7.0815457594412e-05,6.813158471846579e-05,7.978599526687038e-05,7.64419757019559e-05,0.00010009036293654242,9.482409742324575e-05,0.00010928170296098082,9.724316112787998e-05
NVS,3.2621962839426134e-05,3.1513663806819856e-05,2.2988130113340604e-05,2.7938199984973713e-05,3.122826301592379e-05,2.846516931128972e-05,3.5912297210632696e-05,3.093945156119673e-05,3.981396286933004e-05,3.9229132229117975e-05,3.6627783068240154e-05,4.075396005531413e-05,3.285510103913158e-05,3.153432905431244e-05,4.246411752815995e-05,3.4876013812076804e-05,4.9234237835137947e-05,5.146884309285106e-05,5.707836176685321e-05,6.743092862214756e-05,4.991424329754568e-05,5.7310508258257454e-05,5.7177948020369324e-05,6.783110866627388e-05,5.447146272531638e-05,5.5127620491265054e-05,5.1530531047887837e-05,3.550350712320566e-05,3.31004461589441e-05,2.707042775319799e-05,2.7284103245934763e-05,2.6721809287569536e-05,3.2363036161514845e-05,3.358087160275906e-05,2.5552082654882584e-05,2.1161096590022845e-05,2.3598933246525503e-05,2.4184988310693698e-05,3.079475585834218e-05,2.3373045239762394e-05,2.978350654864436e-05,2.853918640147295e-05,3.622190410187206e-05,4.095899254098667e-05,4.1805595098641416e-05,3.615970710121724e-05,3.782025061151777e-05,4.1677290619336025e-05,5.0817080707715926e-05,4.1673965776795876e-05,4.249181203757409e-05,5.312394856127389e-05,4.143518639650964e-05,4.186092587610191e-05,3.664282600746288e-05,4.201001690050388e-05,4.118444865090242e-05,3.83201535916383e-05,5.213103793033637e-05,3.979274885524534e-05,3.571767029151027e-05,3.551744899285293e-05
ORCL,6.235250422959756e-05,5.903347147691041e-05,7.216494917917685e-05,5.506903205324366e-05,5.109537110307508e-05,4.487939489973662e-05,4.151221654230149e-05,3.732944982318069e-05,4.7669397413377306e-05,4.420785838447378e-05,3.9273531319508276e-05,4.188178786576107e-05,3.044676856606963e-05,3.0485628685369128e-05,2.9386674703173037e-05,4.8523098539736805e-05,7.56308894762476e-05,7.014992585487279e-05,7.710581192482125e-05,9.892849645586594e-05,8.042663710756688e-05,8.267437513400746e-05,8.20046687952882e-05,8.750373099303277e-05,9.084192692941431e-05,9.889126647177882e-05,6.8471787519751e-05,5.0694468650756324e-05,5.692956767793287e-05,5.450315078457431e-05,5.0021500360260225e-05,4.873303019717036e-05,4.119326354956991e-05,4.90487818995758e-05,4.023384415261222e-05,4.648116483199911e-05,4.880299275326297e-05,4.589025541347299e-05,5.185646707514586e-05,6.869998974675553e-05,6.934817456273315e-05,6.858910566581552e-05,7.038137271344316e-05,9.474835594326004e-05,9.509407442805592e-05,0.00010275069112442092,0.00011665663291929002,9.708462116949645e-05,0.00010476527716370773,7.931915082464209e-05,8.500600938111008e-05,8.08351592107027e-05,8.732831731470136e-05,7.63894681907889e-05,9.99666320812535e-05,0.00011221076022461295,9.537886797430478e-05,0.00011033848447075892,7.715703700048612e-05,9.920393950531737e-05,0.0001119435660652144,8.191540281148007e-05
PDD,0.0004953054261284846,0.0006137365325005581,0.000589511481612151,0.0006595850439362366,0.0006164966612338796,0.0006360759254669703,0.0007579218184353944,0.0006548424489904789,0.0005107252570808226,0.0004937633762040997,0.0005243337655822073,0.0005725920388934662,0.0005343731980190706,0.0004854919773964056,0.0005487946111309524,0.00037600460220470276,0.00037715346447649,0.00047310212086219914,0.0004445101524073,0.0004834240803222455,0.00033231899946103364,0.00041744764203498365,0.0004793607635869412,0.0005692107276721494,0.0005582940719331054,0.0005506159185672935,0.0005254337401278937,0.0005996259435402799,0.0006524875226934218,0.0006938911890530916,0.0006435738472845049,0.0007528856797650443,0.0006647395059229874,0.0005737601415249759,0.0004404134047047095,0.0003735261375412229,0.00038397834060437824,0.0004125463500780331,0.0005532488455544297,0.000382415085441276,0.0006762120972398658,0.0007203843622757141,0.0009476174513338616,0.0010576281512628927,0.0009571570882224982,0.00111701132904843,0.0010667213833024341,0.0010994119842901017,0.0012979840690482232,0.0011782581664541807,0.0012640650898478954,0.00094353118889886,0.000739597995086702,0.0006195531493077866,0.0006325480265544174,0.0005781591204618639,0.0004719941873988096,0.0003992384574098617,0.00027421303889089743,0.00039095681562176395,0.00030431317962449574,0.00028024986751384135
PEP,4.8412196642504956e-05,5.0614668929307366e-05,3.6294528821560945e-05,3.461357788830324e-05,2.5754294631355715e-05,2.9256236889633895e-05,2.993719091342771e-05,2.6868578024531113e-05,2.980367404697714e-05,2.9095270383582157e-05,2.8177033246159472e-05,1.6753487700790672e-05,1.3709237629432667e-05,1.5170644291098297e-05,1.884620724478281e-05,4.6308105040942935e-05,6.671971000755711e-05,6.762505531628335e-05,7.077401779360952e-05,6.325264772885932e-05,5.977541345401799e-05,6.55648652339014e-05,6.681650245479926e-05,7.107160174475913e-05,6.231604783800049e-05,7.490691546295924e-05,6.0187295802181894e-05,4.589476795397961e-05,2.6951222693276563e-05,2.9692357652799944e-05,3.0232955540474587e-05,2.9962514177687612e-05,2.660513190952987e-05,2.424775122366829e-05,2.1195133431922832e-05,1.7176856098751747e-05,1.7114197390331483e-05,2.118436938574581e-05,2.0280784437282087e-05,1.981119963671974e-05,2.33047430739626e-05,2.7743817484878573e-05,3.289670038005231e-05,3.264878489189994e-05,2.9790188997300548e-05,3.410997973864926e-05,3.829476100098071e-05,4.247679233196217e-05,4.0568709904341084e-05,3.2913384305414174e-05,3.2783835116769325e-05,3.446125058441619e-05,2.84053994162967e-05,2.6959072052810964e-05,2.3502566150576327e-05,2.354298723150383e-05,2.2042783060780843e-05,2.0241580833494516e-05,1.877439496923752e-05,2.151859402681274e-05,2.0911111135273124e-05,1.701501041746241e-05
PG,2.9485608969117293e-05,3.5473605055274374e-05,2.6506494912156287e-05,3.503253234746249e-05,2.4138668193785853e-05,2.9574310262639797e-05,2.8016914066702172e-05,2.5729124059729236e-05,2.8566261237864437e-05,2.651080580425656e-05,2.4281399557308548e-05,2.055144249001101e-05,1.9551757291546915e-05,1.8546506624276322e-05,2.5134370855803054e-05,4.128690656433496e-05,6.135087853240125e-05,6.019045243542761e-05,6.517646141701159e-05,6.37088304267345e-05,5.9661007691337886e-05,6.407830357573568e-05,6.36586864940154e-05,6.290466196671353e-05,5.416999557682386e-05,5.099808548383859e-05,4.6717528329208263e-05,3.51440932439003e-05,1.9307916984140743e-05,2.2111641174392746e-05,2.0686036699950057e-05,2.108259155068505e-05,1.8524121688364965e-05,1.6068598198641093e-05,1.8434184344024786e-05,1.6259046991477863e-05,2.14421052136853e-05,2.791833612921365e-05,2.59933990628897e-05,2.103560648199249e-05,2.6200636419946138e-05,2.895112177568515e-05,3.71932302747146e-05,3.985055064801815e-05,4.8090597137414286e-05,3.1535903245288096e-05,4.16147067283979e-05,5.241584486035898e-05,5.036310028576704e-05,4.715878490872738e-05,5.448103481047315e-05,3.746849463895713e-05,4.0999643155569585e-05,3.4611753698316524e-05,3.3597066121586996e-05,2.6725499833797055e-05,2.8940990852855058e-05,2.9252108286958956e-05,4.2950886985097485e-05,2.2327205642832608e-05,2.585922011077453e-05,2.186744119829037e-05
SAP,4.0979880594271495e-05,4.969054892715269e-05,4.2798140993137175e-05,4.443477849982379e-05,5.779910303659153e-05,5.701188026013977e-05,7.179782546807587e-05,6.381582484281528e-05,6.897504631433405e-05,5.652009429378591e-05,6.599255820959998e-05,6.107118464999226e-05,5.250873836741011e-05,5.858130613488747e-05,5.641060116984124e-05,6.91613773379584e-05,9.660281754165472e-05,0.00011516858643908561,0.0001239141567882171,0.00013048787801899094,0.00010381624608528306,9.371594078055886e-05,0.00016739932353418795,0.00015438497335754602,0.00015902704003390472,0.0001841928119887457,0.00013877997350777844,0.00010052086945926886,0.00010993240253842442,0.00011284616603713422,9.545028965377625e-05,0.00013042967866556314,7.437934024686948e-05,6.07852836280689e-05,5.665540796572228e-05,5.7539329758288925e-05,6.324974753204294e-05,6.110463920101284e-05,6.12452710057765e-05,7.372538383591873e-05,6.796344119207636e-05,6.949186061693225e-05,7.23854849502716e-05,7.730345946933454e-05,8.808497152601071e-05,7.737456143823825e-05,9.503114149191441e-05,9.771224627457363e-05,0.00010354053237647236,8.966085524970194e-05,9.133555251066705e-05,8.452370499452577e-05,8.477925199493503e-05,6.963722953475585e-05,7.373629849966701e-05,8.331973132912168e-05,7.601134821349078e-05,6.510033145941811e-05,5.011171463319021e-05,4.397858788107896e-05,4.719101602565413e-05,4.452592628627886e-05
SHEL,3.685637281575359e-05,3.6670153533743254e-05,2.6457659609101176e-05,3.0678649894376053e-05,2.81430273361661e-05,2.525459235476709e-05,2.576832741079426e-05,2.6030679017012095e-05,2.9379735563608623e-05,2.3507429254937097e-05,2.8209116670665503e-05,2.2805018343842032e-05,1.8883449074083247e-05,2.2267657517898752e-05,3.220981177798632e-05,7.387348444289886e-05,0.00011428045665410571,0.0001601192676762412,0.00020035130904202613,0.00026292634297143394,0.0001656516651308267,0.00017015575320469492,0.0001738905176864155,0.0003548481378094773,0.00031867491171164066,0.00032298728596934657,0.000321386874300891,0.00021937725996150966,0.00022969339046721165,0.0001971399429822057,0.00017644897217155067,0.00018411954204602683,0.00020474093579179173,0.00015274013417402693,0.00011316745506247877,8.737576052892979e-05,0.00010063259046808661,9.652109372229013e-05,0.00012521342423041563,9.705452173388322e-05,0.00010365011447294623,0.00011094610917759689,0.00011964385113879312,0.00011503769115384755,0.00010403344205719575,0.00011336823387465493,0.00012169466972851146,0.00011476967183092105,0.0001517380146471179,0.00011342664322308442,0.0001431096583902957,0.00012266286943915405,0.0001248078716194636,7.976109469107792e-05,7.120130578718186e-05,6.599988075884665e-05,6.080688475514632e-05,5.104028790348676e-05,4.733435550395152e-05,4.472793835565065e-05,3.775892780176812e-05,4.61703252415466e-05
TM,3.346649075216156e-05,3.1307792261999634e-05,2.594754413391001e-05,3.052517500809396e-05,2.3936391074146122e-05,2.4363628442309382e-05,2.4730898440413245e-05,2.1757341883346803e-05,2.575777921902196e-05,2.2990760243507187e-05,2.3812299812307493e-05,1.773289680179849e-05,1.668759249122419e-05,1.2530704937529047e-05,1.5117365644655417e-05,2.489333025388143e-05,3.385552090627776e-05,3.628393863439317e-05,4.302246376148272e-05,4.805700037989031e-05,4.865588552512896e-05,5.105916435115409e-05,4.665330453938056e-05,5.2436052368643e-05,5.883139665911903e-05,7.521666873593289e-05,6.000029498270653e-05,4.165129170484162e-05,3.639941237981958e-05,4.662667693371149e-05,5.4979301429363e-05,4.8375562183200684e-05,4.952319533169357e-05,4.266848017945399e-05,4.319426134640512e-05,5.524198150039127e-05,4.4887642949994805e-05,5.216759916156054e-05,5.4027325580940385e-05,5.518600305608757e-05,6.286411887804272e-05,5.6926407184512924e-05,5.625968012007779e-05,6.35229772139351e-05,5.845750003612784e-05,6.705344869446222e-05,5.237145207270965e-05,6.557485614872865e-05,7.483480460023542e-05,5.6767667096693824e-05,4.13102171971306e-05,3.966210591650933e-05,3.311158128818784e-05,3.3435182515257195e-05,5.792282735920386e-05,5.6641409032092595e-05,5.593429085125615e-05,5.697454376066638e-05,7.892537240541222e-05,8.232269477966177e-05,8.220803125079931e-05,8.182868650132857e-05
TMO,5.210347222986255e-05,5.097062795944318e-05,3.514447044693436e-05,3.6262201780943624e-05,4.442740932318208e-05,4.0593823467570996e-05,4.4151286341026415e-05,4.4827723695095187e-05,5.413004738577665e-05,4.343448015512472e-05,4.8082309418792696e-05,5.138633811394966e-05,4.931765448080655e-05,4.2862882899327484e-05,4.145061822437973e-05,5.39084330568711e-05,7.307950316861503e-05,8.089103361961178e-05,8.720026343649898e-05,8.083840925346783e-05,7.682230274373192e-05,7.469724184992528e-05,9.04994035053397e-05,0.00010408454970214212,0.00011216636097262936,9.797779405499889e-05,9.120936145508998e-05,7.816318293090682e-05,7.310933251182669e-05,6.908182845157927e-05,7.50852781278699e-05,8.518009613776171e-05,5.884382446661132e-05,6.32955144636119e-05,8.364101352158395e-05,7.479205643298635e-05,5.506665456668295e-05,5.6499255078831696e-05,5.099809508340998e-05,6.337174953839712e-05,6.40609851882401e-05,5.917439310055516e-05,6.285170415819867e-05,6.494891701765212e-05,6.991662850624436e-05,8.060413491443085e-05,7.784753021250632e-05,8.30628283624706e-05,7.853065056675499e-05,8.203871056658542e-05,6.816745800022904e-05,6.328752287705585e-05,6.358943973736522e-05,6.600638185823892e-05,5.78525984545275e-05,6.879789676518494e-05,5.555138772406956e-05,5.468296962846104e-05,4.657290242419994e-05,5.595046718615759e-05,4.622814734188931e-05,5.03091377844615e-05
TMUS,4.234936211116311e-05,5.526174289736625e-05,4.6257549600264755e-05,4.4314391091556116e-05,3.821594730495427e-05,3.7940728131932955e-05,3.9870930129300765e-05,4.617055605036868e-05,4.490917201867746e-05,4.140353251656798e-05,3.818713945868128e-05,3.771420644868889e-05,3.376374586606173e-05,3.3714689814908546e-05,3.8277575329259067e-05,8.648448505374228e-05,8.303585161986998e-05,0.00010178348131793284,9.817080509493303e-05,0.00010279813562261964,9.350824265179201e-05,0.0001095055247893859,0.00010309544323154209,0.00013090112931298661,0.00011329356103291698,0.00011161495621905639,9.984643921597371e-05,8.581183226394127e-05,6.840528165857165e-05,6.889816285611832e-05,6.294575470601208e-05,6.45019012056558e-05,6.084404736409618e-05,4.22727901748111e-05,5.5001443540052984e-05,3.5718237290033745e-05,4.258432208730673e-05,3.861002725108717e-05,6.953722644414675e-05,6.067752325834811e-05,5.875007672595767e-05,6.855521853937817e-05,6.265498964950677e-05,6.324500764586e-05,5.935729930485883e-05,6.955465901754983e-05,7.153877655524715e-05,7.585796503962131e-05,6.181367487486266e-05,5.374511615030638e-05,5.6646864376260515e-05,5.0741398781538736e-05,4.1805984958540026e-05,4.6935563046383e-05,4.765072965843475e-05,5.340629879134035e-05,4.76024670135785e-05,3.8511136576783375e-05,4.24089649057545e-05,3.81677287492241e-05,3.6651726541364586e-05,2.8526827669407597e-05
TSLA,0.0003778909501983768,0.0003698795537781172,0.00036580985442289147,0.00028311020935160267,0.00027880291274430774,0.0002901654163863787,0.0002653374723906871,0.0002508609605522592,0.0002573047863496122,0.0002071354700304017,0.00022771884644874464,0.0002739770756734414,0.00024868691455572176,0.00022022838217149678,0.0005112251140848144,0.0007264380374362261,0.0010826636309030045,0.001107195386634294,0.0009474506640561802,0.0009366447614800107,0.001185434819167186,0.0013448071252933405,0.001348050226178338,0.0010598719943270924,0.0010809271634075472,0.001013916703120044,0.00087879581534292,0.0005792882379141218,0.000550169830585416,0.0005732571436358008,0.0005438359156882815,0.00043044444099173357,0.0003942955604093915,0.0002794663245868508,0.00029038453715663154,0.00028509398133271923,0.00035895315356666754,0.0003298853074043163,0.000407103155902996,0.00032487669711922886,0.0004501060802051589,0.0004216248261344979,0.00031653188565825284,0.00034146051901635233,0.00037209647319204223,0.0003940376998103555,0.00035779563993861013,0.000317420668028754,0.00033523268829576335,0.0005857726931668186,0.0004714985232577871,0.00040427932670300103,0.0004224706029254653,0.00036485679422067685,0.00047404919771981,0.00042154930622558456,0.0004610805456779623,0.0004222900583474511,0.0004199905724178795,0.0004103767551439258,0.0004824761310274138,0.000302266000052849
TSM,7.073041213205919e-05,6.458801367379166e-05,6.074581036565478e-05,7.285721901612461e-05,6.410337955113516e-05,6.610998451224855e-05,7.032526808441632e-05,6.222226847088215e-05,6.372775259607961e-05,7.598108466569365e-05,5.536478737326425e-05,5.853671090904036e-05,5.856352826117845e-05,6.0594032769396425e-05,6.135639843923212e-05,7.914202964286513e-05,9.953960666508389e-05,0.00011006597176327857,9.972854998665426e-05,0.00017155874376513952,0.000146307214492489,0.00016316063909288723,0.00017501005042093709,0.0001696588942818541,0.00014025002096918756,0.00015800019824103296,0.0001657865303585737,0.00015030227643878953,0.00014899320428302955,0.00012723688769053414,0.00012266346017285958,0.00010173236999045132,9.841025749615716e-05,9.976667932441356e-05,8.19254178848692e-05,7.999734095331776e-05,9.074144058971103e-05,8.119261374189631e-05,9.345092522189572e-05,9.226648578953353e-05,8.316039402633475e-05,8.485166311821955e-05,9.98767653717328e-05,9.256136846208385e-05,0.00012721007032131257,0.00013183642705522045,0.0001439076779921471,0.00022658647858512772,0.0001633567529453325,0.0002157069984384089,0.00020432995362848532,0.00021619458169208687,0.00019044770112693743,0.00018424427776635006,0.00018216009454274904,0.00018480712584393694,0.0002247057823263704,0.00015309228620668985,0.0001236271657882882,8.931548251003346e-05,0.00011573536974754269,8.734553978202128e-05
UNH,3.9551730838642915e-05,4.478799530537009e-05,4.4563990389987496e-05,3.9185429246979044e-05,3.6236009247871115e-05,4.894303049341589e-05,4.7434927684810725e-05,5.220610692708856e-05,5.6169767951917786e-05,6.008151071445647e-05,7.838920697149543e-05,7.291906042985522e-05,6.234614957680453e-05,5.2954109946153786e-05,6.600717284782518e-05,8.566658313257836e-05,0.00013517786015392256,0.00011528166216605174,0.00011932545165251185,0.0001250392744589958,0.00011507882513600454,0.00011048792015119686,0.00013191867015026137,0.00011983081688511182,0.0001269226438846422,0.0001330068161667917,0.00010216078163426458,7.730106010612086e-05,7.257121532527769e-05,6.604337455729932e-05,5.2794930847277496e-05,5.138352066836583e-05,3.651015647194643e-05,3.0036080498777157e-05,4.5103743969793985e-05,4.136224826548224e-05,4.2901441150945657e-05,4.6693252283732284e-05,4.5769261522011154e-05,4.2326965300048303e-05,5.7305971097465985e-05,5.6279743886562654e-05,5.7548808808890067e-05,5.8416134121333185e-05,5.592507302569374e-05,5.1882516994324835e-05,4.925459439996737e-05,5.714288565988243e-05,5.296395458535829e-05,4.688912729333306e-05,4.8294122521019475e-05,5.7005962003077195e-05,4.184485752429136e-05,4.7047309935818227e-05,4.935346967721646e-05,5.084663765382935e-05,4.611077409710111e-05,4.2490603176448365e-05,4.028137911694793e-05,3.4143450013133e-05,3.789148455391472e-05,3.3724181931602315e-05
V,3.281222841244318e-05,3.4995332575279314e-05,3.511465993702766e-05,3.374608036586952e-05,3.3223169955145304e-05,3.1191619978504245e-05,3.787879647613885e-05,2.9252852158068787e-05,3.238351302509387e-05,3.1022499090864965e-05,3.0398886719724596e-05,2.8028983000200963e-05,2.0135363342544677e-05,1.9710065401775354e-05,2.7804473019472085e-05,5.239065258790329e-05,7.062642122684141e-05,8.145828187719497e-05,9.005463040495601e-05,8.368126285916345e-05,8.558185072307919e-05,8.654093101608627e-05,8.155693726796097e-05,9.877629259411582e-05,9.076140633188327e-05,9.87465690372263e-05,9.396820337199507e-05,7.020718383444085e-05,6.000612552937771e-05,6.290380062848176e-05,5.5174326480254605e-05,5.249327418202407e-05,4.819862002911139e-05,4.928253067496694e-05,5.0775122938494245e-05,4.94055942628799e-05,5.6357722504649495e-05,5.597189189563931e-05,5.7693240506690347e-05,5.528913031326088e-05,6.646852961803385e-05,7.30929515878576e-05,7.305536326020501e-05,8.114352115684011e-05,6.802569296403064e-05,7.44016262879602e-05,7.410463827269383e-05,7.325487877078979e-05,7.053035204495295e-05,6.260779577884892e-05,5.6374611873215085e-05,4.365569310603797e-05,4.026610786182976e-05,3.4981032485975155e-05,3.454544613967421e-05,3.125166893172474e-05,3.471264210838028e-05,3.212787895094136e-05,2.4438085870697938e-05,2.367268042044651e-05,1.8398180137296812e-05,2.0413474778202527e-05
WMT,5.146827027593483e-05,5.518937125623411e-05,3.6467090895683356e-05,3.379017347258602e-05,3.274109157101809e-05,2.8470034564583722e-05,2.988075021296203e-05,3.3371520637841775e-05,3.2197023608357264e-05,3.252804884227829e-05,2.3103194466961064e-05,2.413068000173132e-05,1.8745221670631267e-05,1.6601417678284543e-05,2.2569074780664856e-05,3.941558422401279e-05,5.8075339763187334e-05,5.445203040078635e-05,5.2435647520757474e-05,5.425515962177299e-05,5.442200536691119e-05,6.21066657952757e-05,5.765484508047784e-05,6.736559968618473e-05,6.186070660583105e-05,6.583467120689914e-05,6.183050633176563e-05,4.1562218243182416e-05,4.8658473784634234e-05,3.953714693202991e-05,3.390923219309781e-05,3.3254846698767824e-05,3.614454940573083e-05,3.262038404647509e-05,3.768784287652696e-05,3.6254728058750206e-05,3.310633524660563e-05,3.183901080661121e-05,2.6599828681991568e-05,2.8287341502109345e-05,3.326875186098294e-05,5.385625718024949e-05,7.166424194192618e-05,8.232038094206623e-05,7.69638244833661e-05,8.843605434529518e-05,9.121097331976008e-05,9.612557672871088e-05,0.00012612299998319165,7.923606521803885e-05,8.082936686949288e-05,7.412044932420638e-05,4.05107324921073e-05,3.8687736453921166e-05,3.603127474417514e-05,2.8419283591191688e-05,1.948041107448146e-05,2.1919197527872187e-05,2.540778405314122e-05,2.3613493325886342e-05,2.3586774154728455e-05,2.0625080984385556e-05
XOM,4.29084754742506e-05,4.481901037428132e-05,3.609023901550386e-05,3.488633244495892e-05,3.134303566067749e-05,3.183011946389164e-05,3.140751854625634e-05,4.095241495179833e-05,3.628453067320071e-05,2.9893653574476582e-05,2.8342563297270418e-05,3.211417540220375e-05,2.393182712005407e-05,2.7476686532087513e-05,4.846712231621311e-05,5.358615211633882e-05,0.00010830470757800948,0.0001073494282562553,0.0001365634536664076,0.00013715830908820107,0.00011371139647670835,0.00010884195196572674,0.0001144572373558362,0.00020351403466420365,0.00018375688480834978,0.00020713289741111683,0.0002183151228252571,0.0001464231051346967,0.00014719709261478813,0.00018013013607564736,0.00011919404529243862,0.00013805367871997095,0.00010054555729300777,0.00010699780755108357,0.00010709370922499542,9.178595664146769e-05,8.803154088319558e-05,9.81162155255652e-05,0.00011326842730479491,8.194479667409526e-05,9.481643125451771e-05,0.00011982980514053961,0.00012721418454152643,0.00012108420114817156,0.00015756164886066883,0.00017066325226011293,0.00017216821532604266,0.00013617999906184532,0.00014989987340934343,0.00012916292597624479,0.00012243274172991193,0.00011674951768769637,9.070207520538408e-05,0.00010051667506019137,7.961001001688206e-05,7.125393063648689e-05,7.96475618695607e-05,6.597363578195081e-05,6.323603749712586e-05,6.143499887639067e-05,5.630201115021685e-05,5.539986484213766e-05
